{
  "npmScope": "news-app",
  "affected": {
    "defaultBase": "main"
  },
  "cli": {
    "defaultCollection": "@nrwl/express"
  },
  "implicitDependencies": {
    "package.json": {
      "dependencies": "*",
      "devDependencies": "*"
    },
    ".eslintrc.json": "*"
  },
  "tasksRunnerOptions": {
    "default": {
      "runner": "nx/tasks-runners/default",
      "options": {
        "cacheableOperations": ["build", "lint", "test", "e2e"]
      }
    }
  },
  "targetDependencies": {
    "build": [
      {
        "target": "build",
        "projects": "dependencies"
      }
    ]
  },
  "defaultProject": "server",
  "generators": {
    "@nrwl/react": {
      "application": {
        "babel": true
      }
    },
    "@nrwl/next": {
      "application": {
        "style": "css",
        "linter": "eslint"
      }
    }
  }
}
